estimator,condition,detection_rate,false_alarm_rate,mean_latency_steps,rmse,faith_model_mean,faith_model_std,faith_random_mean
Kalman,nominal,1.0,0.007777777777777777,0.0,0.11825348064422674,0.79025,0.12023524091502764,0.33125
Kalman,mismatch,1.0,0.6774999999999999,0.0,0.15757175674165663,0.60225,0.08974342081148548,0.33125
SIF-style,nominal,1.0,0.009444444444444443,0.0,0.1714701633869965,0.36899999999999994,0.297960612020766,0.33125
SIF-style,mismatch,1.0,0.3533333333333334,0.0,0.17998881528998745,0.35424999999999995,0.24788194877061098,0.33125
